date,home_team,away_team,predicted,p_home_win,p_draw,p_away_win,reasoning
2026-07-06,Argentina,Egypt,home_win,0.77,0.17,0.06,"- ELO gap is very large (~363 points), even on a neutral venue, strongly favoring Argentina.
- Recent form strongly supports Argentina: 5 wins in last 5, 2.8 scored and 0.6 conceded per game; Egypt have been competitive but draw-prone (3 draws in last 4) with modest scoring.
- Head-to-head is sparse and dated but leans Argentina; not heavily weighted.
- Neutral venue removes any home edge but doesn’t offset the quality gap.
- Tournament importance (60) suggests focused, less-rotated lineups; the stronger side tends to convert more often, though a disciplined underdog can still force a draw.
- Calibrating for international draw rates (but lower in mismatches), Argentina are a heavy favorite with a non-trivial draw chance and small upset probability for Egypt."
2026-07-06,Switzerland,Colombia,away_win,0.23,0.29,0.48,"Neutral venue removes home advantage. Colombia hold an ~82 Elo edge and have stronger recent metrics (2.6 PPG last 5, 0.7 win rate last 10, only 0.2 conceded per game recently). Switzerland are also in solid form (unbeaten in last five, scoring well) and have a slight rest advantage, which keeps their chances respectable. Head-to-head is sparse and dated, so low weight. With moderate tournament importance, a cautious approach slightly lifts the draw probability. Overall, Colombia favored on neutral ground with a notable but not overwhelming edge."
2026-07-06,Portugal,Spain,away_win,0.21,0.34,0.45,"Neutral venue removes any home-field edge. Spain hold a sizable Elo advantage (~+130), indicating they are the stronger side. Recent form and defensive numbers favor Spain (2.6 ppg last 5; 0.2 conceded per game), while Portugal are solid but slightly less dominant. Head-to-head is very draw-heavy (43% overall; 4 of the last 5 meetings were draws), and a moderately high tournament importance (60/100) tends to encourage caution, boosting draw likelihood. Calibrating from the Elo gap for win propensity and lifting the draw rate due to matchup tendencies and stakes yields approximately 21% Portugal win, 34% draw, 45% Spain win."
2026-07-06,United States,Belgium,away_win,0.33,0.29,0.38,"Elo with home advantage makes this nearly level (diff_with_home_advantage ≈ +1.5 for the US), so baseline probabilities are close to even. However, Belgium’s recent form edges the US: higher PPG over the last five (2.2 vs 1.8), stronger goal difference (2.8 scored, 0.8 conceded), and a long winning run suggest better current performance. Head-to-head has been very favorable to Belgium (US ~12% wins, no recent draws, and a heavy 2-5 loss in March), nudging the balance further toward the away side, though we downweight small-sample H2H. The US still benefit from home field and have decent recent home results, keeping this close. With moderate-to-high tournament importance, a cautious game increases draw likelihood slightly above the base. Net: slight away edge with a healthy draw chance."
2026-07-09,France,Morocco,home_win,0.55,0.27,0.18,"Neutral venue, so no home-field boost. France hold a sizable Elo advantage (~+143), indicating they are the stronger side. Recent form strongly favors France (5 wins from 5, 2.8 scored/0.4 conceded), while Morocco are also in good shape (unbeaten in last five, 2.0 scored/0.8 conceded). Head-to-head leans France with no recorded Morocco wins in the sample provided and a recent World Cup semifinal win. Tournament importance is moderate-high, which tends to lift draw probabilities slightly due to cautious approaches. Balancing these factors yields roughly mid-50s for a France win, a higher-than-base draw chance, and a smaller away win chance."
